generations,popSize,crossoverChance,mutationChance,reproductionChance,killRatio,invalidActionPenalty,verbosenessPenalty,minAcceptedImprovement,size,runtime,profit
30,1000,1.0,0.0,0.0,0.0,0.0,0.1,0.001,14,12031,2991.36846692276
30,1000,1.0,0.0,0.0,0.0,0.0,0.1,0.001,13,12210,2991.347420971831
30,1000,1.0,0.0,0.0,0.0,0.0,0.1,0.001,16,9984,2992.1913980380314
30,1000,1.0,0.0,0.0,0.0,0.0,0.1,0.001,14,12299,2992.2055967553124
30,1000,1.0,0.0,0.0,0.0,0.0,0.1,0.001,14,12455,2991.368466922759
30,1000,1.0,0.0,0.0,0.0,0.0,0.1,0.001,13,10745,2990.8600759755213
30,1000,1.0,0.0,0.0,0.0,0.0,0.1,0.001,14,10964,2991.3684669227596
30,1000,1.0,0.0,0.0,0.0,0.0,0.1,0.001,14,11160,2991.3684669227596
30,1000,1.0,0.0,0.0,0.0,0.0,0.1,0.001,14,12083,2992.0537647463516
30,1000,1.0,0.0,0.0,0.0,0.0,0.1,0.001,16,9605,2992.823847829683
30,1000,1.0,0.0,0.0,0.0,0.0,0.01,0.001,15,10503,2991.5691867201867
30,1000,1.0,0.0,0.0,0.0,0.0,0.01,0.001,17,11694,2991.465448716251
30,1000,1.0,0.0,0.0,0.0,0.0,0.01,0.001,18,10341,2992.585895167183
30,1000,1.0,0.0,0.0,0.0,0.0,0.01,0.001,16,12282,2991.4919931871486
30,1000,1.0,0.0,0.0,0.0,0.0,0.01,0.001,15,12771,2991.4820095075347
30,1000,1.0,0.0,0.0,0.0,0.0,0.01,0.001,15,11610,2991.482009507535
30,1000,1.0,0.0,0.0,0.0,0.0,0.01,0.001,16,12956,2991.49199318715
30,1000,1.0,0.0,0.0,0.0,0.0,0.01,0.001,15,10465,2991.482009507535
30,1000,1.0,0.0,0.0,0.0,0.0,0.01,0.001,20,11002,2992.785164031099
30,1000,1.0,0.0,0.0,0.0,0.0,0.01,0.001,19,11754,2992.8244656801417
30,1000,1.0,0.0,0.0,0.0,0.0,0.0,0.001,19,10381,2992.156806521101
30,1000,1.0,0.0,0.0,0.0,0.0,0.0,0.001,20,14679,2992.2255906061523
30,1000,1.0,0.0,0.0,0.0,0.0,0.0,0.001,20,12487,2992.8720682479207
30,1000,1.0,0.0,0.0,0.0,0.0,0.0,0.001,16,11760,2991.472215243349
30,1000,1.0,0.0,0.0,0.0,0.0,0.0,0.001,16,13037,2991.493363766012
30,1000,1.0,0.0,0.0,0.0,0.0,0.0,0.001,14,13362,2990.9794177844797
30,1000,1.0,0.0,0.0,0.0,0.0,0.0,0.001,20,10733,2992.008494172268
30,1000,1.0,0.0,0.0,0.0,0.0,0.0,0.001,17,10934,2992.53850750938
30,1000,1.0,0.0,0.0,0.0,0.0,0.0,0.001,19,11789,2992.086659962296
30,1000,1.0,0.0,0.0,0.0,0.0,0.0,0.001,15,13231,2992.4040134997713
30,1000,0.9,0.09999999999999998,0.0,0.0,0.0,0.1,0.001,15,12064,2991.4659807500157
30,1000,0.9,0.09999999999999998,0.0,0.0,0.0,0.1,0.001,15,12498,2992.23737443153
30,1000,0.9,0.09999999999999998,0.0,0.0,0.0,0.1,0.001,17,11579,2992.7159298480096
30,1000,0.9,0.09999999999999998,0.0,0.0,0.0,0.1,0.001,15,12191,2992.1427502477295
30,1000,0.9,0.09999999999999998,0.0,0.0,0.0,0.1,0.001,14,14253,2993.004211199057
30,1000,0.9,0.09999999999999998,0.0,0.0,0.0,0.1,0.001,14,10856,2992.0537647463516
30,1000,0.9,0.09999999999999998,0.0,0.0,0.0,0.1,0.001,15,12162,2992.040180221914
30,1000,0.9,0.09999999999999998,0.0,0.0,0.0,0.1,0.001,14,15284,2992.0273580359194
30,1000,0.9,0.09999999999999998,0.0,0.0,0.0,0.1,0.001,18,12034,2992.7712429425496
30,1000,0.9,0.09999999999999998,0.0,0.0,0.0,0.1,0.001,20,13697,2993.0110710893878
30,1000,0.9,0.09999999999999998,0.0,0.0,0.0,0.01,0.001,18,14117,2992.2115661192374
30,1000,0.9,0.09999999999999998,0.0,0.0,0.0,0.01,0.001,19,12878,2992.224909607805
30,1000,0.9,0.09999999999999998,0.0,0.0,0.0,0.01,0.001,19,12071,2991.9958359561133
30,1000,0.9,0.09999999999999998,0.0,0.0,0.0,0.01,0.001,18,15656,2992.211566119238
30,1000,0.9,0.09999999999999998,0.0,0.0,0.0,0.01,0.001,20,13750,2993.4425851268734
30,1000,0.9,0.09999999999999998,0.0,0.0,0.0,0.01,0.001,15,11468,2992.1336388832365
30,1000,0.9,0.09999999999999998,0.0,0.0,0.0,0.01,0.001,17,12177,2993.436148863336
30,1000,0.9,0.09999999999999998,0.0,0.0,0.0,0.01,0.001,18,14085,2992.7435707982777
30,1000,0.9,0.09999999999999998,0.0,0.0,0.0,0.01,0.001,16,13318,2992.578235923305
30,1000,0.9,0.09999999999999998,0.0,0.0,0.0,0.01,0.001,19,14900,2993.424345662872
30,1000,0.9,0.09999999999999998,0.0,0.0,0.0,0.0,0.001,16,10865,2991.4933637660124
30,1000,0.9,0.09999999999999998,0.0,0.0,0.0,0.0,0.001,20,14441,2992.162436462244
30,1000,0.9,0.09999999999999998,0.0,0.0,0.0,0.0,0.001,19,11443,2991.9958359561133
30,1000,0.9,0.09999999999999998,0.0,0.0,0.0,0.0,0.001,18,12847,2991.506476844889
30,1000,0.9,0.09999999999999998,0.0,0.0,0.0,0.0,0.001,18,12722,2991.50815236418
30,1000,0.9,0.09999999999999998,0.0,0.0,0.0,0.0,0.001,19,13618,2992.723787456263
30,1000,0.9,0.09999999999999998,0.0,0.0,0.0,0.0,0.001,15,12063,2992.1098409728393
30,1000,0.9,0.09999999999999998,0.0,0.0,0.0,0.0,0.001,16,12161,2991.493363766013
30,1000,0.9,0.09999999999999998,0.0,0.0,0.0,0.0,0.001,18,12704,2992.578622619091
30,1000,0.9,0.09999999999999998,0.0,0.0,0.0,0.0,0.001,19,15109,2992.824465680142
30,1000,0.8,0.19999999999999996,0.0,0.0,0.0,0.1,0.001,13,13378,2991.3383751966194
30,1000,0.8,0.19999999999999996,0.0,0.0,0.0,0.1,0.001,14,12490,2991.36846692276
30,1000,0.8,0.19999999999999996,0.0,0.0,0.0,0.1,0.001,14,10484,2991.3931416636724
30,1000,0.8,0.19999999999999996,0.0,0.0,0.0,0.1,0.001,15,13724,2992.2717063738833
30,1000,0.8,0.19999999999999996,0.0,0.0,0.0,0.1,0.001,18,13213,2992.97549403363
30,1000,0.8,0.19999999999999996,0.0,0.0,0.0,0.1,0.001,16,10421,2992.910200594999
30,1000,0.8,0.19999999999999996,0.0,0.0,0.0,0.1,0.001,14,14120,2991.36846692276
30,1000,0.8,0.19999999999999996,0.0,0.0,0.0,0.1,0.001,14,12632,2991.4121565927826
30,1000,0.8,0.19999999999999996,0.0,0.0,0.0,0.1,0.001,14,12767,2992.4026383336204
30,1000,0.8,0.19999999999999996,0.0,0.0,0.0,0.1,0.001,17,13622,2993.026857166201
30,1000,0.8,0.19999999999999996,0.0,0.0,0.0,0.01,0.001,18,13632,2992.2115661192365
30,1000,0.8,0.19999999999999996,0.0,0.0,0.0,0.01,0.001,15,13005,2992.414652312402
30,1000,0.8,0.19999999999999996,0.0,0.0,0.0,0.01,0.001,19,12696,2992.224909607806
30,1000,0.8,0.19999999999999996,0.0,0.0,0.0,0.01,0.001,19,12595,2992.224909607804
30,1000,0.8,0.19999999999999996,0.0,0.0,0.0,0.01,0.001,15,13106,2993.3774034257904
30,1000,0.8,0.19999999999999996,0.0,0.0,0.0,0.01,0.001,17,11469,2991.981133615756
30,1000,0.8,0.19999999999999996,0.0,0.0,0.0,0.01,0.001,16,13833,2992.102112934726
30,1000,0.8,0.19999999999999996,0.0,0.0,0.0,0.01,0.001,16,13016,2992.6060990318306
30,1000,0.8,0.19999999999999996,0.0,0.0,0.0,0.01,0.001,18,12820,2992.8490487335007
30,1000,0.8,0.19999999999999996,0.0,0.0,0.0,0.01,0.001,18,14792,2992.6837022295194
30,1000,0.8,0.19999999999999996,0.0,0.0,0.0,0.0,0.001,17,12128,2991.493997993929
30,1000,0.8,0.19999999999999996,0.0,0.0,0.0,0.0,0.001,19,12982,2992.4598044490826
30,1000,0.8,0.19999999999999996,0.0,0.0,0.0,0.0,0.001,20,12176,2992.203292319121
30,1000,0.8,0.19999999999999996,0.0,0.0,0.0,0.0,0.001,19,12502,2992.218376102712
30,1000,0.8,0.19999999999999996,0.0,0.0,0.0,0.0,0.001,17,14942,2991.4943621339735
30,1000,0.8,0.19999999999999996,0.0,0.0,0.0,0.0,0.001,16,12465,2992.0851220078025
30,1000,0.8,0.19999999999999996,0.0,0.0,0.0,0.0,0.001,19,11395,2991.8241667174816
30,1000,0.8,0.19999999999999996,0.0,0.0,0.0,0.0,0.001,20,17086,2992.2255906061528
30,1000,0.8,0.19999999999999996,0.0,0.0,0.0,0.0,0.001,17,12857,2992.437864977624
30,1000,0.8,0.19999999999999996,0.0,0.0,0.0,0.0,0.001,18,15859,2992.988449498418
30,1000,0.8,0.09999999999999995,0.1,0.0,0.0,0.1,0.001,14,12369,2991.3684669227587
30,1000,0.8,0.09999999999999995,0.1,0.0,0.0,0.1,0.001,14,12474,2991.368466922759
30,1000,0.8,0.09999999999999995,0.1,0.0,0.0,0.1,0.001,14,11366,2992.0273580359194
30,1000,0.8,0.09999999999999995,0.1,0.0,0.0,0.1,0.001,14,13244,2991.36846692276
30,1000,0.8,0.09999999999999995,0.1,0.0,0.0,0.1,0.001,15,13051,2991.4820095075343
30,1000,0.8,0.09999999999999995,0.1,0.0,0.0,0.1,0.001,14,12044,2991.36846692276
30,1000,0.8,0.09999999999999995,0.1,0.0,0.0,0.1,0.001,15,12525,2992.040180221914
30,1000,0.8,0.09999999999999995,0.1,0.0,0.0,0.1,0.001,14,10641,2992.8466379709967
30,1000,0.8,0.09999999999999995,0.1,0.0,0.0,0.1,0.001,15,13171,2992.694683342039
30,1000,0.8,0.09999999999999995,0.1,0.0,0.0,0.1,0.001,17,15077,2992.6930799262127
30,1000,0.8,0.09999999999999995,0.1,0.0,0.0,0.01,0.001,15,11491,2991.482009507535
30,1000,0.8,0.09999999999999995,0.1,0.0,0.0,0.01,0.001,16,12921,2992.436912653988
30,1000,0.8,0.09999999999999995,0.1,0.0,0.0,0.01,0.001,14,10267,2991.4707826787367
30,1000,0.8,0.09999999999999995,0.1,0.0,0.0,0.01,0.001,17,13342,2991.524741353595
30,1000,0.8,0.09999999999999995,0.1,0.0,0.0,0.01,0.001,15,13698,2991.4820095075347
30,1000,0.8,0.09999999999999995,0.1,0.0,0.0,0.01,0.001,15,13221,2991.4674892809194
30,1000,0.8,0.09999999999999995,0.1,0.0,0.0,0.01,0.001,14,12485,2991.4614092527
30,1000,0.8,0.09999999999999995,0.1,0.0,0.0,0.01,0.001,16,11804,2992.7042793884393
30,1000,0.8,0.09999999999999995,0.1,0.0,0.0,0.01,0.001,18,11752,2992.7878324427065
30,1000,0.8,0.09999999999999995,0.1,0.0,0.0,0.01,0.001,19,15532,2993.0826942599224
30,1000,0.8,0.09999999999999995,0.1,0.0,0.0,0.0,0.001,18,11521,2991.660454675538
30,1000,0.8,0.09999999999999995,0.1,0.0,0.0,0.0,0.001,20,17400,2992.2255906061528
30,1000,0.8,0.09999999999999995,0.1,0.0,0.0,0.0,0.001,17,11212,2992.3501611223746
30,1000,0.8,0.09999999999999995,0.1,0.0,0.0,0.0,0.001,20,13049,2992.226243956662
30,1000,0.8,0.09999999999999995,0.1,0.0,0.0,0.0,0.001,20,19737,2992.288863273546
30,1000,0.8,0.09999999999999995,0.1,0.0,0.0,0.0,0.001,16,11959,2991.4919931871486
30,1000,0.8,0.09999999999999995,0.1,0.0,0.0,0.0,0.001,17,19164,2992.7234976782534
30,1000,0.8,0.09999999999999995,0.1,0.0,0.0,0.0,0.001,20,13931,2993.4329118191827
30,1000,0.8,0.09999999999999995,0.1,0.0,0.0,0.0,0.001,16,13454,2991.493363766012
30,1000,0.8,0.09999999999999995,0.1,0.0,0.0,0.0,0.001,18,15190,2992.347212928801
30,1000,0.7000000000000001,0.29999999999999993,0.0,0.0,0.0,0.1,0.001,14,12438,2991.4707826787376
30,1000,0.7000000000000001,0.29999999999999993,0.0,0.0,0.0,0.1,0.001,15,13379,2991.4471476634335
30,1000,0.7000000000000001,0.29999999999999993,0.0,0.0,0.0,0.1,0.001,17,15080,2993.20061871162
30,1000,0.7000000000000001,0.29999999999999993,0.0,0.0,0.0,0.1,0.001,18,15605,2992.211566119238
30,1000,0.7000000000000001,0.29999999999999993,0.0,0.0,0.0,0.1,0.001,14,12390,2991.45945468801
30,1000,0.7000000000000001,0.29999999999999993,0.0,0.0,0.0,0.1,0.001,14,13108,2991.36846692276
30,1000,0.7000000000000001,0.29999999999999993,0.0,0.0,0.0,0.1,0.001,14,16344,2991.5509290284926
30,1000,0.7000000000000001,0.29999999999999993,0.0,0.0,0.0,0.1,0.001,13,12866,2991.267918936339
30,1000,0.7000000000000001,0.29999999999999993,0.0,0.0,0.0,0.1,0.001,15,12345,2992.1427502477286
30,1000,0.7000000000000001,0.29999999999999993,0.0,0.0,0.0,0.1,0.001,18,14116,2992.6728391087363
30,1000,0.7000000000000001,0.29999999999999993,0.0,0.0,0.0,0.01,0.001,15,13988,2992.071229615258
30,1000,0.7000000000000001,0.29999999999999993,0.0,0.0,0.0,0.01,0.001,20,13474,2991.82414832152
30,1000,0.7000000000000001,0.29999999999999993,0.0,0.0,0.0,0.01,0.001,16,12753,2992.9164518034686
30,1000,0.7000000000000001,0.29999999999999993,0.0,0.0,0.0,0.01,0.001,19,15116,2992.1237109965687
30,1000,0.7000000000000001,0.29999999999999993,0.0,0.0,0.0,0.01,0.001,19,15507,2991.9958359561138
30,1000,0.7000000000000001,0.29999999999999993,0.0,0.0,0.0,0.01,0.001,16,13470,2991.720324133874
30,1000,0.7000000000000001,0.29999999999999993,0.0,0.0,0.0,0.01,0.001,18,15509,2993.234188198019
30,1000,0.7000000000000001,0.29999999999999993,0.0,0.0,0.0,0.01,0.001,20,13059,2992.2496221844312
30,1000,0.7000000000000001,0.29999999999999993,0.0,0.0,0.0,0.01,0.001,19,13039,2992.8508322790003
30,1000,0.7000000000000001,0.29999999999999993,0.0,0.0,0.0,0.01,0.001,16,14831,2992.428166013188
30,1000,0.7000000000000001,0.29999999999999993,0.0,0.0,0.0,0.0,0.001,15,12742,2992.4273894176367
30,1000,0.7000000000000001,0.29999999999999993,0.0,0.0,0.0,0.0,0.001,17,13278,2992.145062360012
30,1000,0.7000000000000001,0.29999999999999993,0.0,0.0,0.0,0.0,0.001,17,12788,2991.5818430850113
30,1000,0.7000000000000001,0.29999999999999993,0.0,0.0,0.0,0.0,0.001,19,14399,2992.224909607806
30,1000,0.7000000000000001,0.29999999999999993,0.0,0.0,0.0,0.0,0.001,18,14243,2993.056099372189
30,1000,0.7000000000000001,0.29999999999999993,0.0,0.0,0.0,0.0,0.001,20,12940,2992.362945329759
30,1000,0.7000000000000001,0.29999999999999993,0.0,0.0,0.0,0.0,0.001,15,16300,2992.4146523124014
30,1000,0.7000000000000001,0.29999999999999993,0.0,0.0,0.0,0.0,0.001,20,12819,2992.3423617628005
30,1000,0.7000000000000001,0.29999999999999993,0.0,0.0,0.0,0.0,0.001,20,12375,2992.028122233734
30,1000,0.7000000000000001,0.29999999999999993,0.0,0.0,0.0,0.0,0.001,18,14329,2992.429454814198
30,1000,0.7000000000000001,0.19999999999999993,0.1,0.0,0.0,0.1,0.001,14,10693,2991.36846692276
30,1000,0.7000000000000001,0.19999999999999993,0.1,0.0,0.0,0.1,0.001,14,13379,2991.368466922759
30,1000,0.7000000000000001,0.19999999999999993,0.1,0.0,0.0,0.1,0.001,15,11471,2992.1427502477286
30,1000,0.7000000000000001,0.19999999999999993,0.1,0.0,0.0,0.1,0.001,14,14702,2991.3684669227596
30,1000,0.7000000000000001,0.19999999999999993,0.1,0.0,0.0,0.1,0.001,14,10826,2991.4626248170157
30,1000,0.7000000000000001,0.19999999999999993,0.1,0.0,0.0,0.1,0.001,14,10954,2992.421403556476
30,1000,0.7000000000000001,0.19999999999999993,0.1,0.0,0.0,0.1,0.001,14,11884,2992.205596755312
30,1000,0.7000000000000001,0.19999999999999993,0.1,0.0,0.0,0.1,0.001,14,12402,2992.3421581705666
30,1000,0.7000000000000001,0.19999999999999993,0.1,0.0,0.0,0.1,0.001,16,11863,2992.7042793884393
30,1000,0.7000000000000001,0.19999999999999993,0.1,0.0,0.0,0.1,0.001,15,14884,2992.6146480205693
30,1000,0.7000000000000001,0.19999999999999993,0.1,0.0,0.0,0.01,0.001,18,11262,2991.994354649323
30,1000,0.7000000000000001,0.19999999999999993,0.1,0.0,0.0,0.01,0.001,20,15304,2992.226243956661
30,1000,0.7000000000000001,0.19999999999999993,0.1,0.0,0.0,0.01,0.001,17,13596,2992.0333957710486
30,1000,0.7000000000000001,0.19999999999999993,0.1,0.0,0.0,0.01,0.001,18,13755,2992.1905982567537
30,1000,0.7000000000000001,0.19999999999999993,0.1,0.0,0.0,0.01,0.001,16,11819,2992.39914139497
30,1000,0.7000000000000001,0.19999999999999993,0.1,0.0,0.0,0.01,0.001,16,11132,2991.4919931871495
30,1000,0.7000000000000001,0.19999999999999993,0.1,0.0,0.0,0.01,0.001,19,12399,2992.2249096078044
30,1000,0.7000000000000001,0.19999999999999993,0.1,0.0,0.0,0.01,0.001,19,12533,2992.6749784450035
30,1000,0.7000000000000001,0.19999999999999993,0.1,0.0,0.0,0.01,0.001,17,11916,2992.5284383114135
30,1000,0.7000000000000001,0.19999999999999993,0.1,0.0,0.0,0.01,0.001,19,15663,2992.0466693765948
30,1000,0.7000000000000001,0.19999999999999993,0.1,0.0,0.0,0.0,0.001,16,11994,2991.491993187149
30,1000,0.7000000000000001,0.19999999999999993,0.1,0.0,0.0,0.0,0.001,20,11162,2991.701577874402
30,1000,0.7000000000000001,0.19999999999999993,0.1,0.0,0.0,0.0,0.001,18,10972,2991.9952227853746
30,1000,0.7000000000000001,0.19999999999999993,0.1,0.0,0.0,0.0,0.001,19,14204,2992.224909607805
30,1000,0.7000000000000001,0.19999999999999993,0.1,0.0,0.0,0.0,0.001,19,11850,2991.824166717482
30,1000,0.7000000000000001,0.19999999999999993,0.1,0.0,0.0,0.0,0.001,19,11638,2991.5001090324686
30,1000,0.7000000000000001,0.19999999999999993,0.1,0.0,0.0,0.0,0.001,20,15853,2992.2255906061528
30,1000,0.7000000000000001,0.19999999999999993,0.1,0.0,0.0,0.0,0.001,17,13777,2991.659973072973
30,1000,0.7000000000000001,0.19999999999999993,0.1,0.0,0.0,0.0,0.001,18,12405,2992.797416525476
30,1000,0.7000000000000001,0.19999999999999993,0.1,0.0,0.0,0.0,0.001,20,13575,2993.351463487222
30,1000,0.7000000000000001,0.09999999999999992,0.2,0.0,0.0,0.1,0.001,14,12181,2991.3684669227587
30,1000,0.7000000000000001,0.09999999999999992,0.2,0.0,0.0,0.1,0.001,17,15783,2992.3000651362086
30,1000,0.7000000000000001,0.09999999999999992,0.2,0.0,0.0,0.1,0.001,14,11084,2991.36846692276
30,1000,0.7000000000000001,0.09999999999999992,0.2,0.0,0.0,0.1,0.001,15,12783,2992.146968426746
30,1000,0.7000000000000001,0.09999999999999992,0.2,0.0,0.0,0.1,0.001,15,12842,2992.2373744315296
30,1000,0.7000000000000001,0.09999999999999992,0.2,0.0,0.0,0.1,0.001,14,10622,2991.36846692276
30,1000,0.7000000000000001,0.09999999999999992,0.2,0.0,0.0,0.1,0.001,14,11417,2991.36846692276
30,1000,0.7000000000000001,0.09999999999999992,0.2,0.0,0.0,0.1,0.001,16,12720,2991.823433398567
30,1000,0.7000000000000001,0.09999999999999992,0.2,0.0,0.0,0.1,0.001,16,12629,2993.0557526816647
30,1000,0.7000000000000001,0.09999999999999992,0.2,0.0,0.0,0.1,0.001,15,13560,2992.4302762850175
30,1000,0.7000000000000001,0.09999999999999992,0.2,0.0,0.0,0.01,0.001,17,11600,2992.577017124424
30,1000,0.7000000000000001,0.09999999999999992,0.2,0.0,0.0,0.01,0.001,15,11690,2991.482009507535
30,1000,0.7000000000000001,0.09999999999999992,0.2,0.0,0.0,0.01,0.001,15,11373,2991.482009507535
30,1000,0.7000000000000001,0.09999999999999992,0.2,0.0,0.0,0.01,0.001,20,13884,2992.1598131788987
30,1000,0.7000000000000001,0.09999999999999992,0.2,0.0,0.0,0.01,0.001,15,11025,2991.4820095075343
30,1000,0.7000000000000001,0.09999999999999992,0.2,0.0,0.0,0.01,0.001,15,11279,2991.482009507535
30,1000,0.7000000000000001,0.09999999999999992,0.2,0.0,0.0,0.01,0.001,18,13233,2992.174462042373
30,1000,0.7000000000000001,0.09999999999999992,0.2,0.0,0.0,0.01,0.001,15,11935,2991.4820095075343
30,1000,0.7000000000000001,0.09999999999999992,0.2,0.0,0.0,0.01,0.001,17,11481,2992.844739951495
30,1000,0.7000000000000001,0.09999999999999992,0.2,0.0,0.0,0.01,0.001,15,14486,2992.4302762850175
30,1000,0.7000000000000001,0.09999999999999992,0.2,0.0,0.0,0.0,0.001,19,12206,2992.8237458752005
30,1000,0.7000000000000001,0.09999999999999992,0.2,0.0,0.0,0.0,0.001,19,12845,2992.224909607805
30,1000,0.7000000000000001,0.09999999999999992,0.2,0.0,0.0,0.0,0.001,17,13415,2992.4639708083896
30,1000,0.7000000000000001,0.09999999999999992,0.2,0.0,0.0,0.0,0.001,16,13954,2991.847475976137
30,1000,0.7000000000000001,0.09999999999999992,0.2,0.0,0.0,0.0,0.001,20,21358,2992.226243956662
30,1000,0.7000000000000001,0.09999999999999992,0.2,0.0,0.0,0.0,0.001,17,10879,2991.4944991918596
30,1000,0.7000000000000001,0.09999999999999992,0.2,0.0,0.0,0.0,0.001,18,16470,2992.1210114899704
30,1000,0.7000000000000001,0.09999999999999992,0.2,0.0,0.0,0.0,0.001,16,12055,2991.4933637660115
30,1000,0.7000000000000001,0.09999999999999992,0.2,0.0,0.0,0.0,0.001,20,12100,2992.8312726055706
30,1000,0.7000000000000001,0.09999999999999992,0.2,0.0,0.0,0.0,0.001,16,14211,2992.436912653988
30,1000,0.6000000000000001,0.3999999999999999,0.0,0.0,0.0,0.1,0.001,17,12954,2991.981133615756
30,1000,0.6000000000000001,0.3999999999999999,0.0,0.0,0.0,0.1,0.001,14,12641,2991.4626248170157
30,1000,0.6000000000000001,0.3999999999999999,0.0,0.0,0.0,0.1,0.001,17,13488,2992.1766309955037
30,1000,0.6000000000000001,0.3999999999999999,0.0,0.0,0.0,0.1,0.001,15,14556,2992.4146523124014
30,1000,0.6000000000000001,0.3999999999999999,0.0,0.0,0.0,0.1,0.001,14,10538,2991.4065007777676
30,1000,0.6000000000000001,0.3999999999999999,0.0,0.0,0.0,0.1,0.001,14,11764,2991.8692001622267
30,1000,0.6000000000000001,0.3999999999999999,0.0,0.0,0.0,0.1,0.001,16,12668,2992.8465332231
30,1000,0.6000000000000001,0.3999999999999999,0.0,0.0,0.0,0.1,0.001,14,12443,2991.36846692276
30,1000,0.6000000000000001,0.3999999999999999,0.0,0.0,0.0,0.1,0.001,16,12885,2992.9023295071465
30,1000,0.6000000000000001,0.3999999999999999,0.0,0.0,0.0,0.1,0.001,16,15154,2993.0008802919688
30,1000,0.6000000000000001,0.3999999999999999,0.0,0.0,0.0,0.01,0.001,19,13020,2992.2249096078044
30,1000,0.6000000000000001,0.3999999999999999,0.0,0.0,0.0,0.01,0.001,15,15406,2992.134055536135
30,1000,0.6000000000000001,0.3999999999999999,0.0,0.0,0.0,0.01,0.001,16,15711,2992.1569947988105
30,1000,0.6000000000000001,0.3999999999999999,0.0,0.0,0.0,0.01,0.001,18,18757,2992.211566119238
30,1000,0.6000000000000001,0.3999999999999999,0.0,0.0,0.0,0.01,0.001,15,13708,2991.411749745038
30,1000,0.6000000000000001,0.3999999999999999,0.0,0.0,0.0,0.01,0.001,17,11611,2992.3970776876904
30,1000,0.6000000000000001,0.3999999999999999,0.0,0.0,0.0,0.01,0.001,18,16280,2992.568035908198
30,1000,0.6000000000000001,0.3999999999999999,0.0,0.0,0.0,0.01,0.001,16,13339,2993.0202047383773
30,1000,0.6000000000000001,0.3999999999999999,0.0,0.0,0.0,0.01,0.001,16,13810,2992.560962177757
30,1000,0.6000000000000001,0.3999999999999999,0.0,0.0,0.0,0.01,0.001,20,16005,2993.041688546084
30,1000,0.6000000000000001,0.3999999999999999,0.0,0.0,0.0,0.0,0.001,19,15009,2992.2788517929466
30,1000,0.6000000000000001,0.3999999999999999,0.0,0.0,0.0,0.0,0.001,16,14449,2992.53954482478
30,1000,0.6000000000000001,0.3999999999999999,0.0,0.0,0.0,0.0,0.001,20,14239,2991.9958458957913
30,1000,0.6000000000000001,0.3999999999999999,0.0,0.0,0.0,0.0,0.001,18,15408,2992.146231068312
30,1000,0.6000000000000001,0.3999999999999999,0.0,0.0,0.0,0.0,0.001,18,14812,2991.581973172888
30,1000,0.6000000000000001,0.3999999999999999,0.0,0.0,0.0,0.0,0.001,16,12990,2992.432113054717
30,1000,0.6000000000000001,0.3999999999999999,0.0,0.0,0.0,0.0,0.001,18,14684,2992.183442490167
30,1000,0.6000000000000001,0.3999999999999999,0.0,0.0,0.0,0.0,0.001,18,13973,2992.183469121529
30,1000,0.6000000000000001,0.3999999999999999,0.0,0.0,0.0,0.0,0.001,18,15041,2992.9018538642254
30,1000,0.6000000000000001,0.3999999999999999,0.0,0.0,0.0,0.0,0.001,20,16326,2993.0782744460676
30,1000,0.6000000000000001,0.29999999999999993,0.09999999999999998,0.0,0.0,0.1,0.001,16,11732,2991.847475976137
30,1000,0.6000000000000001,0.29999999999999993,0.09999999999999998,0.0,0.0,0.1,0.001,14,12739,2991.3684669227596
30,1000,0.6000000000000001,0.29999999999999993,0.09999999999999998,0.0,0.0,0.1,0.001,15,14374,2992.3140378976977
30,1000,0.6000000000000001,0.29999999999999993,0.09999999999999998,0.0,0.0,0.1,0.001,14,14180,2991.368466922759
30,1000,0.6000000000000001,0.29999999999999993,0.09999999999999998,0.0,0.0,0.1,0.001,14,12979,2991.462624817016
30,1000,0.6000000000000001,0.29999999999999993,0.09999999999999998,0.0,0.0,0.1,0.001,14,11830,2991.368466922759
30,1000,0.6000000000000001,0.29999999999999993,0.09999999999999998,0.0,0.0,0.1,0.001,14,13553,2991.4707826787367
30,1000,0.6000000000000001,0.29999999999999993,0.09999999999999998,0.0,0.0,0.1,0.001,14,13248,2992.0273580359194
30,1000,0.6000000000000001,0.29999999999999993,0.09999999999999998,0.0,0.0,0.1,0.001,13,13126,2991.8003962120606
30,1000,0.6000000000000001,0.29999999999999993,0.09999999999999998,0.0,0.0,0.1,0.001,16,15363,2993.0202047383777
30,1000,0.6000000000000001,0.29999999999999993,0.09999999999999998,0.0,0.0,0.01,0.001,18,18072,2992.211566119238
30,1000,0.6000000000000001,0.29999999999999993,0.09999999999999998,0.0,0.0,0.01,0.001,15,16238,2992.142750247729
30,1000,0.6000000000000001,0.29999999999999993,0.09999999999999998,0.0,0.0,0.01,0.001,16,13230,2992.4369126539887
30,1000,0.6000000000000001,0.29999999999999993,0.09999999999999998,0.0,0.0,0.01,0.001,20,15201,2992.2262439566616
30,1000,0.6000000000000001,0.29999999999999993,0.09999999999999998,0.0,0.0,0.01,0.001,15,13566,2991.4820095075343
30,1000,0.6000000000000001,0.29999999999999993,0.09999999999999998,0.0,0.0,0.01,0.001,17,11604,2991.679179277401
30,1000,0.6000000000000001,0.29999999999999993,0.09999999999999998,0.0,0.0,0.01,0.001,15,12739,2991.4820095075343
30,1000,0.6000000000000001,0.29999999999999993,0.09999999999999998,0.0,0.0,0.01,0.001,18,13398,2991.916166786117
30,1000,0.6000000000000001,0.29999999999999993,0.09999999999999998,0.0,0.0,0.01,0.001,20,13251,2992.8141147070255
30,1000,0.6000000000000001,0.29999999999999993,0.09999999999999998,0.0,0.0,0.01,0.001,17,12756,2991.8583201638216
30,1000,0.6000000000000001,0.29999999999999993,0.09999999999999998,0.0,0.0,0.0,0.001,18,16217,2992.2115661192374
30,1000,0.6000000000000001,0.29999999999999993,0.09999999999999998,0.0,0.0,0.0,0.001,20,16091,2992.4835616219225
30,1000,0.6000000000000001,0.29999999999999993,0.09999999999999998,0.0,0.0,0.0,0.001,20,14538,2992.225590606152
30,1000,0.6000000000000001,0.29999999999999993,0.09999999999999998,0.0,0.0,0.0,0.001,16,15110,2991.4933637660115
30,1000,0.6000000000000001,0.29999999999999993,0.09999999999999998,0.0,0.0,0.0,0.001,20,14734,2992.2262439566616
30,1000,0.6000000000000001,0.29999999999999993,0.09999999999999998,0.0,0.0,0.0,0.001,17,13785,2991.9811336157554
30,1000,0.6000000000000001,0.29999999999999993,0.09999999999999998,0.0,0.0,0.0,0.001,20,13225,2993.1051526368424
30,1000,0.6000000000000001,0.29999999999999993,0.09999999999999998,0.0,0.0,0.0,0.001,20,17860,2992.2262439566616
30,1000,0.6000000000000001,0.29999999999999993,0.09999999999999998,0.0,0.0,0.0,0.001,18,14409,2992.910945192943
30,1000,0.6000000000000001,0.29999999999999993,0.09999999999999998,0.0,0.0,0.0,0.001,17,13808,2992.6861795317413
30,1000,0.6000000000000001,0.19999999999999993,0.19999999999999998,0.0,0.0,0.1,0.001,14,12204,2991.36846692276
30,1000,0.6000000000000001,0.19999999999999993,0.19999999999999998,0.0,0.0,0.1,0.001,16,12468,2991.8474759761375
30,1000,0.6000000000000001,0.19999999999999993,0.19999999999999998,0.0,0.0,0.1,0.001,13,12445,2992.0692225027155
30,1000,0.6000000000000001,0.19999999999999993,0.19999999999999998,0.0,0.0,0.1,0.001,14,11794,2991.3684669227587
30,1000,0.6000000000000001,0.19999999999999993,0.19999999999999998,0.0,0.0,0.1,0.001,14,13769,2991.36846692276
30,1000,0.6000000000000001,0.19999999999999993,0.19999999999999998,0.0,0.0,0.1,0.001,14,11980,2991.368466922759
30,1000,0.6000000000000001,0.19999999999999993,0.19999999999999998,0.0,0.0,0.1,0.001,15,15939,2991.9326254139773
30,1000,0.6000000000000001,0.19999999999999993,0.19999999999999998,0.0,0.0,0.1,0.001,12,12480,2991.014883110312
30,1000,0.6000000000000001,0.19999999999999993,0.19999999999999998,0.0,0.0,0.1,0.001,16,13514,2992.8286178818635
30,1000,0.6000000000000001,0.19999999999999993,0.19999999999999998,0.0,0.0,0.1,0.001,15,15212,2992.703658007185
30,1000,0.6000000000000001,0.19999999999999993,0.19999999999999998,0.0,0.0,0.01,0.001,19,12327,2992.007702676705
30,1000,0.6000000000000001,0.19999999999999993,0.19999999999999998,0.0,0.0,0.01,0.001,20,13129,2993.3863313945712
30,1000,0.6000000000000001,0.19999999999999993,0.19999999999999998,0.0,0.0,0.01,0.001,15,13821,2992.414652312401
30,1000,0.6000000000000001,0.19999999999999993,0.19999999999999998,0.0,0.0,0.01,0.001,15,12901,2992.142750247729
30,1000,0.6000000000000001,0.19999999999999993,0.19999999999999998,0.0,0.0,0.01,0.001,19,14310,2992.335561460598
30,1000,0.6000000000000001,0.19999999999999993,0.19999999999999998,0.0,0.0,0.01,0.001,15,10461,2991.482009507535
30,1000,0.6000000000000001,0.19999999999999993,0.19999999999999998,0.0,0.0,0.01,0.001,18,13689,2992.639913789408
30,1000,0.6000000000000001,0.19999999999999993,0.19999999999999998,0.0,0.0,0.01,0.001,16,12222,2992.841085386588
30,1000,0.6000000000000001,0.19999999999999993,0.19999999999999998,0.0,0.0,0.01,0.001,19,13367,2992.806870335872
30,1000,0.6000000000000001,0.19999999999999993,0.19999999999999998,0.0,0.0,0.01,0.001,16,14992,2992.709465840658
30,1000,0.6000000000000001,0.19999999999999993,0.19999999999999998,0.0,0.0,0.0,0.001,16,12813,2991.491993187149
30,1000,0.6000000000000001,0.19999999999999993,0.19999999999999998,0.0,0.0,0.0,0.001,18,11378,2991.473102311464
30,1000,0.6000000000000001,0.19999999999999993,0.19999999999999998,0.0,0.0,0.0,0.001,16,11812,2991.491993187149
30,1000,0.6000000000000001,0.19999999999999993,0.19999999999999998,0.0,0.0,0.0,0.001,17,13948,2991.4944991918587
30,1000,0.6000000000000001,0.19999999999999993,0.19999999999999998,0.0,0.0,0.0,0.001,18,17143,2991.9944993797176
30,1000,0.6000000000000001,0.19999999999999993,0.19999999999999998,0.0,0.0,0.0,0.001,16,12415,2991.4933637660124
30,1000,0.6000000000000001,0.19999999999999993,0.19999999999999998,0.0,0.0,0.0,0.001,14,16471,2992.972252791442
30,1000,0.6000000000000001,0.19999999999999993,0.19999999999999998,0.0,0.0,0.0,0.001,16,12388,2991.49199318715
30,1000,0.6000000000000001,0.19999999999999993,0.19999999999999998,0.0,0.0,0.0,0.001,20,12914,2992.8468143669106
30,1000,0.6000000000000001,0.19999999999999993,0.19999999999999998,0.0,0.0,0.0,0.001,19,17290,2992.6692356452554
30,1000,0.6000000000000001,0.09999999999999992,0.3,0.0,0.0,0.1,0.001,14,12746,2991.3684669227587
30,1000,0.6000000000000001,0.09999999999999992,0.3,0.0,0.0,0.1,0.001,14,13347,2991.368466922759
30,1000,0.6000000000000001,0.09999999999999992,0.3,0.0,0.0,0.1,0.001,14,11991,2991.3684669227596
30,1000,0.6000000000000001,0.09999999999999992,0.3,0.0,0.0,0.1,0.001,14,13107,2991.368466922759
30,1000,0.6000000000000001,0.09999999999999992,0.3,0.0,0.0,0.1,0.001,14,13612,2991.3684669227596
30,1000,0.6000000000000001,0.09999999999999992,0.3,0.0,0.0,0.1,0.001,14,12355,2991.368466922759
30,1000,0.6000000000000001,0.09999999999999992,0.3,0.0,0.0,0.1,0.001,16,12635,2992.816907912574
30,1000,0.6000000000000001,0.09999999999999992,0.3,0.0,0.0,0.1,0.001,14,12030,2991.36846692276
30,1000,0.6000000000000001,0.09999999999999992,0.3,0.0,0.0,0.1,0.001,15,14761,2992.040180221914
30,1000,0.6000000000000001,0.09999999999999992,0.3,0.0,0.0,0.1,0.001,16,15530,2992.666597440451
30,1000,0.6000000000000001,0.09999999999999992,0.3,0.0,0.0,0.01,0.001,16,13252,2991.491993187149
30,1000,0.6000000000000001,0.09999999999999992,0.3,0.0,0.0,0.01,0.001,18,13805,2991.5073823739685
30,1000,0.6000000000000001,0.09999999999999992,0.3,0.0,0.0,0.01,0.001,15,13679,2991.4820095075347
30,1000,0.6000000000000001,0.09999999999999992,0.3,0.0,0.0,0.01,0.001,18,14992,2992.211566119237
30,1000,0.6000000000000001,0.09999999999999992,0.3,0.0,0.0,0.01,0.001,18,17267,2992.211566119237
30,1000,0.6000000000000001,0.09999999999999992,0.3,0.0,0.0,0.01,0.001,15,13316,2991.5691867201867
30,1000,0.6000000000000001,0.09999999999999992,0.3,0.0,0.0,0.01,0.001,15,12854,2991.4594546880085
30,1000,0.6000000000000001,0.09999999999999992,0.3,0.0,0.0,0.01,0.001,18,12772,2992.211566119238
30,1000,0.6000000000000001,0.09999999999999992,0.3,0.0,0.0,0.01,0.001,16,13359,2992.8169079125737
30,1000,0.6000000000000001,0.09999999999999992,0.3,0.0,0.0,0.01,0.001,16,16824,2992.666597440451
30,1000,0.6000000000000001,0.09999999999999992,0.3,0.0,0.0,0.0,0.001,20,16785,2992.2255906061528
30,1000,0.6000000000000001,0.09999999999999992,0.3,0.0,0.0,0.0,0.001,19,11584,2991.524741353594
30,1000,0.6000000000000001,0.09999999999999992,0.3,0.0,0.0,0.0,0.001,16,13685,2991.5798450119632
30,1000,0.6000000000000001,0.09999999999999992,0.3,0.0,0.0,0.0,0.001,20,19496,2992.2262439566616
30,1000,0.6000000000000001,0.09999999999999992,0.3,0.0,0.0,0.0,0.001,20,13290,2991.4729099059414
30,1000,0.6000000000000001,0.09999999999999992,0.3,0.0,0.0,0.0,0.001,20,19945,2992.2254656955156
30,1000,0.6000000000000001,0.09999999999999992,0.3,0.0,0.0,0.0,0.001,20,14338,2991.4620579729594
30,1000,0.6000000000000001,0.09999999999999992,0.3,0.0,0.0,0.0,0.001,16,13187,2991.5798450119646
30,1000,0.6000000000000001,0.09999999999999992,0.3,0.0,0.0,0.0,0.001,20,11523,2992.8670578334
30,1000,0.6000000000000001,0.09999999999999992,0.3,0.0,0.0,0.0,0.001,20,13869,2992.8695578868137
30,1000,0.5000000000000001,0.4999999999999999,0.0,0.0,0.0,0.1,0.001,17,15147,2991.981133615756
30,1000,0.5000000000000001,0.4999999999999999,0.0,0.0,0.0,0.1,0.001,14,11468,2991.4707826787376
30,1000,0.5000000000000001,0.4999999999999999,0.0,0.0,0.0,0.1,0.001,16,14434,2992.32346068529
30,1000,0.5000000000000001,0.4999999999999999,0.0,0.0,0.0,0.1,0.001,15,15731,2992.059278682667
30,1000,0.5000000000000001,0.4999999999999999,0.0,0.0,0.0,0.1,0.001,13,13592,2991.3474209718315
30,1000,0.5000000000000001,0.4999999999999999,0.0,0.0,0.0,0.1,0.001,14,13985,2991.3236851333004
30,1000,0.5000000000000001,0.4999999999999999,0.0,0.0,0.0,0.1,0.001,14,14499,2991.4707826787367
30,1000,0.5000000000000001,0.4999999999999999,0.0,0.0,0.0,0.1,0.001,14,14499,2992.278338145664
30,1000,0.5000000000000001,0.4999999999999999,0.0,0.0,0.0,0.1,0.001,15,15054,2992.0401802219135
30,1000,0.5000000000000001,0.4999999999999999,0.0,0.0,0.0,0.1,0.001,14,14059,2992.345327572663
30,1000,0.5000000000000001,0.4999999999999999,0.0,0.0,0.0,0.01,0.001,17,14616,2991.5243803009926
30,1000,0.5000000000000001,0.4999999999999999,0.0,0.0,0.0,0.01,0.001,18,12689,2992.211566119236
30,1000,0.5000000000000001,0.4999999999999999,0.0,0.0,0.0,0.01,0.001,17,13434,2992.1061402141904
30,1000,0.5000000000000001,0.4999999999999999,0.0,0.0,0.0,0.01,0.001,18,15277,2992.2115661192374
30,1000,0.5000000000000001,0.4999999999999999,0.0,0.0,0.0,0.01,0.001,14,13569,2991.459454688009
30,1000,0.5000000000000001,0.4999999999999999,0.0,0.0,0.0,0.01,0.001,18,13528,2991.9947067466956
30,1000,0.5000000000000001,0.4999999999999999,0.0,0.0,0.0,0.01,0.001,18,15705,2992.191511017071
30,1000,0.5000000000000001,0.4999999999999999,0.0,0.0,0.0,0.01,0.001,18,13350,2991.4716083794056
30,1000,0.5000000000000001,0.4999999999999999,0.0,0.0,0.0,0.01,0.001,16,15944,2992.603129118253
30,1000,0.5000000000000001,0.4999999999999999,0.0,0.0,0.0,0.01,0.001,15,15541,2992.4273894176367
30,1000,0.5000000000000001,0.4999999999999999,0.0,0.0,0.0,0.0,0.001,18,13355,2991.9944993797176
30,1000,0.5000000000000001,0.4999999999999999,0.0,0.0,0.0,0.0,0.001,19,12169,2991.9958359561138
30,1000,0.5000000000000001,0.4999999999999999,0.0,0.0,0.0,0.0,0.001,19,15093,2992.224909607805
30,1000,0.5000000000000001,0.4999999999999999,0.0,0.0,0.0,0.0,0.001,19,13873,2992.1540262321373
30,1000,0.5000000000000001,0.4999999999999999,0.0,0.0,0.0,0.0,0.001,19,16019,2991.5982563941643
30,1000,0.5000000000000001,0.4999999999999999,0.0,0.0,0.0,0.0,0.001,17,12286,2991.809455157131
30,1000,0.5000000000000001,0.4999999999999999,0.0,0.0,0.0,0.0,0.001,19,16023,2991.989894682599
30,1000,0.5000000000000001,0.4999999999999999,0.0,0.0,0.0,0.0,0.001,20,12717,2991.9813291088426
30,1000,0.5000000000000001,0.4999999999999999,0.0,0.0,0.0,0.0,0.001,14,15262,2992.172120229506
30,1000,0.5000000000000001,0.4999999999999999,0.0,0.0,0.0,0.0,0.001,17,13373,2991.5810787232476
30,1000,0.5000000000000001,0.3999999999999999,0.09999999999999998,0.0,0.0,0.1,0.001,14,13121,2991.3684669227587
30,1000,0.5000000000000001,0.3999999999999999,0.09999999999999998,0.0,0.0,0.1,0.001,14,14022,2992.584571719508
30,1000,0.5000000000000001,0.3999999999999999,0.09999999999999998,0.0,0.0,0.1,0.001,17,12677,2993.010411390086
30,1000,0.5000000000000001,0.3999999999999999,0.09999999999999998,0.0,0.0,0.1,0.001,14,15674,2991.4078470266736
30,1000,0.5000000000000001,0.3999999999999999,0.09999999999999998,0.0,0.0,0.1,0.001,14,14018,2991.409285514751
30,1000,0.5000000000000001,0.3999999999999999,0.09999999999999998,0.0,0.0,0.1,0.001,14,13164,2991.36846692276
30,1000,0.5000000000000001,0.3999999999999999,0.09999999999999998,0.0,0.0,0.1,0.001,16,13623,2992.4087456471816
30,1000,0.5000000000000001,0.3999999999999999,0.09999999999999998,0.0,0.0,0.1,0.001,14,12615,2991.3684669227587
30,1000,0.5000000000000001,0.3999999999999999,0.09999999999999998,0.0,0.0,0.1,0.001,16,16712,2992.7115579059046
30,1000,0.5000000000000001,0.3999999999999999,0.09999999999999998,0.0,0.0,0.1,0.001,13,15054,2992.388868880208
30,1000,0.5000000000000001,0.3999999999999999,0.09999999999999998,0.0,0.0,0.01,0.001,20,13660,2992.3629453297585
30,1000,0.5000000000000001,0.3999999999999999,0.09999999999999998,0.0,0.0,0.01,0.001,16,12465,2991.571769284573
30,1000,0.5000000000000001,0.3999999999999999,0.09999999999999998,0.0,0.0,0.01,0.001,17,12858,2991.980459761154
30,1000,0.5000000000000001,0.3999999999999999,0.09999999999999998,0.0,0.0,0.01,0.001,18,17596,2992.7264189939197
30,1000,0.5000000000000001,0.3999999999999999,0.09999999999999998,0.0,0.0,0.01,0.001,15,13222,2991.4820095075347
30,1000,0.5000000000000001,0.3999999999999999,0.09999999999999998,0.0,0.0,0.01,0.001,19,12116,2991.995835956114
30,1000,0.5000000000000001,0.3999999999999999,0.09999999999999998,0.0,0.0,0.01,0.001,18,13615,2991.594565265463
30,1000,0.5000000000000001,0.3999999999999999,0.09999999999999998,0.0,0.0,0.01,0.001,18,14124,2992.1106549002434
30,1000,0.5000000000000001,0.3999999999999999,0.09999999999999998,0.0,0.0,0.01,0.001,18,16392,2992.7850027641794
30,1000,0.5000000000000001,0.3999999999999999,0.09999999999999998,0.0,0.0,0.01,0.001,16,15285,2992.14832598274
30,1000,0.5000000000000001,0.3999999999999999,0.09999999999999998,0.0,0.0,0.0,0.001,16,12807,2991.5810558068765
30,1000,0.5000000000000001,0.3999999999999999,0.09999999999999998,0.0,0.0,0.0,0.001,17,12778,2991.583694818647
30,1000,0.5000000000000001,0.3999999999999999,0.09999999999999998,0.0,0.0,0.0,0.001,17,14748,2992.4287417181704
30,1000,0.5000000000000001,0.3999999999999999,0.09999999999999998,0.0,0.0,0.0,0.001,18,18144,2992.1380808585645
30,1000,0.5000000000000001,0.3999999999999999,0.09999999999999998,0.0,0.0,0.0,0.001,19,12891,2991.494562852273
30,1000,0.5000000000000001,0.3999999999999999,0.09999999999999998,0.0,0.0,0.0,0.001,17,13270,2991.4944991918605
30,1000,0.5000000000000001,0.3999999999999999,0.09999999999999998,0.0,0.0,0.0,0.001,18,12823,2991.7057257009874
30,1000,0.5000000000000001,0.3999999999999999,0.09999999999999998,0.0,0.0,0.0,0.001,19,13974,2992.2249096078044
30,1000,0.5000000000000001,0.3999999999999999,0.09999999999999998,0.0,0.0,0.0,0.001,16,13568,2992.5073045853583
30,1000,0.5000000000000001,0.3999999999999999,0.09999999999999998,0.0,0.0,0.0,0.001,16,13419,2992.428283729075
30,1000,0.5000000000000001,0.29999999999999993,0.19999999999999996,0.0,0.0,0.1,0.001,14,11288,2991.368466922759
30,1000,0.5000000000000001,0.29999999999999993,0.19999999999999996,0.0,0.0,0.1,0.001,14,11253,2991.3413866968226
30,1000,0.5000000000000001,0.29999999999999993,0.19999999999999996,0.0,0.0,0.1,0.001,15,12979,2992.23737443153
30,1000,0.5000000000000001,0.29999999999999993,0.19999999999999996,0.0,0.0,0.1,0.001,14,13724,2991.4707826787367
30,1000,0.5000000000000001,0.29999999999999993,0.19999999999999996,0.0,0.0,0.1,0.001,14,13275,2991.4614092527
30,1000,0.5000000000000001,0.29999999999999993,0.19999999999999996,0.0,0.0,0.1,0.001,14,10529,2991.36846692276
30,1000,0.5000000000000001,0.29999999999999993,0.19999999999999996,0.0,0.0,0.1,0.001,14,12875,2992.0537647463516
30,1000,0.5000000000000001,0.29999999999999993,0.19999999999999996,0.0,0.0,0.1,0.001,14,11807,2991.36846692276
30,1000,0.5000000000000001,0.29999999999999993,0.19999999999999996,0.0,0.0,0.1,0.001,14,11288,2991.3684669227587
30,1000,0.5000000000000001,0.29999999999999993,0.19999999999999996,0.0,0.0,0.1,0.001,17,15625,2992.8934824503117
30,1000,0.5000000000000001,0.29999999999999993,0.19999999999999996,0.0,0.0,0.01,0.001,17,12436,2991.9811336157554
30,1000,0.5000000000000001,0.29999999999999993,0.19999999999999996,0.0,0.0,0.01,0.001,19,10168,2991.9958359561138
30,1000,0.5000000000000001,0.29999999999999993,0.19999999999999996,0.0,0.0,0.01,0.001,15,13890,2991.4820095075343
30,1000,0.5000000000000001,0.29999999999999993,0.19999999999999996,0.0,0.0,0.01,0.001,19,12905,2992.823745875201
30,1000,0.5000000000000001,0.29999999999999993,0.19999999999999996,0.0,0.0,0.01,0.001,15,13616,2991.4820095075343
30,1000,0.5000000000000001,0.29999999999999993,0.19999999999999996,0.0,0.0,0.01,0.001,20,13078,2992.2443355084015
30,1000,0.5000000000000001,0.29999999999999993,0.19999999999999996,0.0,0.0,0.01,0.001,16,14931,2992.159151840659
30,1000,0.5000000000000001,0.29999999999999993,0.19999999999999996,0.0,0.0,0.01,0.001,19,14266,2993.321492375885
30,1000,0.5000000000000001,0.29999999999999993,0.19999999999999996,0.0,0.0,0.01,0.001,15,12188,2991.482009507535
30,1000,0.5000000000000001,0.29999999999999993,0.19999999999999996,0.0,0.0,0.01,0.001,20,14809,2992.808641196163
30,1000,0.5000000000000001,0.29999999999999993,0.19999999999999996,0.0,0.0,0.0,0.001,19,12895,2992.2249096078053
30,1000,0.5000000000000001,0.29999999999999993,0.19999999999999996,0.0,0.0,0.0,0.001,20,16014,2992.2255906061528
30,1000,0.5000000000000001,0.29999999999999993,0.19999999999999996,0.0,0.0,0.0,0.001,20,12369,2992.2255906061523
30,1000,0.5000000000000001,0.29999999999999993,0.19999999999999996,0.0,0.0,0.0,0.001,17,13747,2992.1568597360238
30,1000,0.5000000000000001,0.29999999999999993,0.19999999999999996,0.0,0.0,0.0,0.001,19,13777,2992.244045809548
30,1000,0.5000000000000001,0.29999999999999993,0.19999999999999996,0.0,0.0,0.0,0.001,20,16381,2992.3488736846557
30,1000,0.5000000000000001,0.29999999999999993,0.19999999999999996,0.0,0.0,0.0,0.001,18,15263,2992.4653338348503
30,1000,0.5000000000000001,0.29999999999999993,0.19999999999999996,0.0,0.0,0.0,0.001,18,13677,2991.994499379718
30,1000,0.5000000000000001,0.29999999999999993,0.19999999999999996,0.0,0.0,0.0,0.001,20,18496,2992.2262439566616
30,1000,0.5000000000000001,0.29999999999999993,0.19999999999999996,0.0,0.0,0.0,0.001,19,14401,2992.824465680141
30,1000,0.5000000000000001,0.19999999999999993,0.29999999999999993,0.0,0.0,0.1,0.001,14,13182,2991.368466922759
30,1000,0.5000000000000001,0.19999999999999993,0.29999999999999993,0.0,0.0,0.1,0.001,14,11711,2991.3684669227587
30,1000,0.5000000000000001,0.19999999999999993,0.29999999999999993,0.0,0.0,0.1,0.001,14,9896,2991.470782678738
30,1000,0.5000000000000001,0.19999999999999993,0.29999999999999993,0.0,0.0,0.1,0.001,14,14123,2991.462624817016
30,1000,0.5000000000000001,0.19999999999999993,0.29999999999999993,0.0,0.0,0.1,0.001,14,11320,2991.289823862758
30,1000,0.5000000000000001,0.19999999999999993,0.29999999999999993,0.0,0.0,0.1,0.001,14,13901,2991.3684669227587
30,1000,0.5000000000000001,0.19999999999999993,0.29999999999999993,0.0,0.0,0.1,0.001,15,13643,2991.569186720187
30,1000,0.5000000000000001,0.19999999999999993,0.29999999999999993,0.0,0.0,0.1,0.001,17,15263,2991.9811336157554
30,1000,0.5000000000000001,0.19999999999999993,0.29999999999999993,0.0,0.0,0.1,0.001,15,13320,2992.040180221914
30,1000,0.5000000000000001,0.19999999999999993,0.29999999999999993,0.0,0.0,0.1,0.001,16,16027,2992.6487561846643
30,1000,0.5000000000000001,0.19999999999999993,0.29999999999999993,0.0,0.0,0.01,0.001,16,14254,2991.4486384354695
30,1000,0.5000000000000001,0.19999999999999993,0.29999999999999993,0.0,0.0,0.01,0.001,15,14228,2991.4820095075347
30,1000,0.5000000000000001,0.19999999999999993,0.29999999999999993,0.0,0.0,0.01,0.001,18,14262,2992.211566119237
30,1000,0.5000000000000001,0.19999999999999993,0.29999999999999993,0.0,0.0,0.01,0.001,15,15299,2991.4820095075343
30,1000,0.5000000000000001,0.19999999999999993,0.29999999999999993,0.0,0.0,0.01,0.001,18,19615,2992.211566119237
30,1000,0.5000000000000001,0.19999999999999993,0.29999999999999993,0.0,0.0,0.01,0.001,18,18214,2992.2115661192365
30,1000,0.5000000000000001,0.19999999999999993,0.29999999999999993,0.0,0.0,0.01,0.001,15,13863,2992.4273894176363
30,1000,0.5000000000000001,0.19999999999999993,0.29999999999999993,0.0,0.0,0.01,0.001,19,12950,2992.900928622989
30,1000,0.5000000000000001,0.19999999999999993,0.29999999999999993,0.0,0.0,0.01,0.001,16,13540,2992.79310359831
30,1000,0.5000000000000001,0.19999999999999993,0.29999999999999993,0.0,0.0,0.01,0.001,19,15324,2992.813882765075
30,1000,0.5000000000000001,0.19999999999999993,0.29999999999999993,0.0,0.0,0.0,0.001,18,11842,2991.4619251062522
30,1000,0.5000000000000001,0.19999999999999993,0.29999999999999993,0.0,0.0,0.0,0.001,20,12674,2992.226243956662
30,1000,0.5000000000000001,0.19999999999999993,0.29999999999999993,0.0,0.0,0.0,0.001,20,14067,2992.2262439566607
30,1000,0.5000000000000001,0.19999999999999993,0.29999999999999993,0.0,0.0,0.0,0.001,17,12818,2991.4944991918605
30,1000,0.5000000000000001,0.19999999999999993,0.29999999999999993,0.0,0.0,0.0,0.001,20,21693,2992.225719962499
30,1000,0.5000000000000001,0.19999999999999993,0.29999999999999993,0.0,0.0,0.0,0.001,16,13207,2992.419341064025
30,1000,0.5000000000000001,0.19999999999999993,0.29999999999999993,0.0,0.0,0.0,0.001,16,11988,2991.4715626371485
30,1000,0.5000000000000001,0.19999999999999993,0.29999999999999993,0.0,0.0,0.0,0.001,18,11158,2992.1563348193263
30,1000,0.5000000000000001,0.19999999999999993,0.29999999999999993,0.0,0.0,0.0,0.001,18,13308,2992.835051549005
30,1000,0.5000000000000001,0.19999999999999993,0.29999999999999993,0.0,0.0,0.0,0.001,16,15729,2992.436912653989
30,1000,0.5000000000000001,0.09999999999999992,0.39999999999999997,0.0,0.0,0.1,0.001,14,11903,2991.36846692276
30,1000,0.5000000000000001,0.09999999999999992,0.39999999999999997,0.0,0.0,0.1,0.001,14,12426,2991.368466922759
30,1000,0.5000000000000001,0.09999999999999992,0.39999999999999997,0.0,0.0,0.1,0.001,13,10902,2991.1624643744162
30,1000,0.5000000000000001,0.09999999999999992,0.39999999999999997,0.0,0.0,0.1,0.001,14,12694,2991.36846692276
30,1000,0.5000000000000001,0.09999999999999992,0.39999999999999997,0.0,0.0,0.1,0.001,13,13255,2991.174620017574
30,1000,0.5000000000000001,0.09999999999999992,0.39999999999999997,0.0,0.0,0.1,0.001,14,10043,2991.36846692276
30,1000,0.5000000000000001,0.09999999999999992,0.39999999999999997,0.0,0.0,0.1,0.001,14,14204,2991.4121565927817
30,1000,0.5000000000000001,0.09999999999999992,0.39999999999999997,0.0,0.0,0.1,0.001,14,14758,2991.3413866968226
30,1000,0.5000000000000001,0.09999999999999992,0.39999999999999997,0.0,0.0,0.1,0.001,15,15597,2992.3140378976977
30,1000,0.5000000000000001,0.09999999999999992,0.39999999999999997,0.0,0.0,0.1,0.001,14,17607,2992.006403423942
30,1000,0.5000000000000001,0.09999999999999992,0.39999999999999997,0.0,0.0,0.01,0.001,15,11827,2991.482009507535
30,1000,0.5000000000000001,0.09999999999999992,0.39999999999999997,0.0,0.0,0.01,0.001,20,15007,2992.226243956662
30,1000,0.5000000000000001,0.09999999999999992,0.39999999999999997,0.0,0.0,0.01,0.001,16,11381,2991.847475976138
30,1000,0.5000000000000001,0.09999999999999992,0.39999999999999997,0.0,0.0,0.01,0.001,16,15922,2991.495090332722
30,1000,0.5000000000000001,0.09999999999999992,0.39999999999999997,0.0,0.0,0.01,0.001,15,15503,2991.4820095075347
30,1000,0.5000000000000001,0.09999999999999992,0.39999999999999997,0.0,0.0,0.01,0.001,16,12380,2991.4919931871495
30,1000,0.5000000000000001,0.09999999999999992,0.39999999999999997,0.0,0.0,0.01,0.001,16,16901,2991.4919931871486
30,1000,0.5000000000000001,0.09999999999999992,0.39999999999999997,0.0,0.0,0.01,0.001,15,15178,2991.4820095075347
30,1000,0.5000000000000001,0.09999999999999992,0.39999999999999997,0.0,0.0,0.01,0.001,20,16548,2992.8540674519563
30,1000,0.5000000000000001,0.09999999999999992,0.39999999999999997,0.0,0.0,0.01,0.001,16,16634,2991.491993187149
30,1000,0.5000000000000001,0.09999999999999992,0.39999999999999997,0.0,0.0,0.0,0.001,16,13466,2991.4919931871486
30,1000,0.5000000000000001,0.09999999999999992,0.39999999999999997,0.0,0.0,0.0,0.001,20,16066,2991.932285554329
30,1000,0.5000000000000001,0.09999999999999992,0.39999999999999997,0.0,0.0,0.0,0.001,16,13683,2992.175243947661
30,1000,0.5000000000000001,0.09999999999999992,0.39999999999999997,0.0,0.0,0.0,0.001,16,17010,2991.491993187148
30,1000,0.5000000000000001,0.09999999999999992,0.39999999999999997,0.0,0.0,0.0,0.001,18,15992,2991.472926165149
30,1000,0.5000000000000001,0.09999999999999992,0.39999999999999997,0.0,0.0,0.0,0.001,16,12762,2991.491993187149
30,1000,0.5000000000000001,0.09999999999999992,0.39999999999999997,0.0,0.0,0.0,0.001,18,15950,2992.4653338348503
30,1000,0.5000000000000001,0.09999999999999992,0.39999999999999997,0.0,0.0,0.0,0.001,18,14471,2991.507382373969
30,1000,0.5000000000000001,0.09999999999999992,0.39999999999999997,0.0,0.0,0.0,0.001,16,13233,2991.493363766013
30,1000,0.5000000000000001,0.09999999999999992,0.39999999999999997,0.0,0.0,0.0,0.001,15,15513,2991.465013849817
